
{
  "id": "ezd6-roll-messages",
  "name": "ezd6-roll-messages",
  "title": "EZD6 Roll Messages",
  "description": "Roll Message Formatting for EZD6",
  "authors": [{"name":"Xaukael"}],
  "version": "1.7.2",
	"socket": true,
  "compatibility": {
      "minimum": "9",
      "verified": "10"
    },
  "scripts": ["ezd6-roll-messages.js"],
  "relationships": {
  "requires": [
      {
        "id": "socketlib",
        "type": "module",
        "compatibility": {}
      }
    ]
  },
  "url": "https://github.com/xaukael/ezd6-roll-messages/",
    "manifest": "https://github.com/xaukael/ezd6-roll-messages/raw/main/module.json",
    "download": "https://github.com/xaukael/ezd6-roll-messages/raw/main/ezd6-roll-messages.zip"
}