
{
  "id": "ezd6-roll-messages",
  "name": "ezd6-roll-messages",
  "title": "EZD6 Roll Messages",
  "description": "Roll Message Formatting and automation for EZD6",
  "authors": [{"name":"Xaukael"}],
  "version": "1.3.0",
	"socket": true,
  "system": ["ezd6"],
  "compatibility": {
      "minimum": "10",
      "verified": "11"
    },
  "scripts": ["ezd6-roll-messages.js"],
	"styles": ["ezd6-roll-messages.css"],
  "relationships": {
  "requires": [    ]
  },
  "url": "https://github.com/xaukael/ezd6-roll-messages/",
    "manifest": "https://github.com/xaukael/ezd6-roll-messages/raw/main/module.json",
    "download": "https://github.com/xaukael/ezd6-roll-messages/raw/main/ezd6-roll-messages.zip"
}