
{
  "id": "ezd6-roll-messages",
  "name": "ezd6-roll-messages",
  "title": "EZD6 Roll Messages",
  "description": "Roll Message Formatting for EZD6",
  "authors": [{"name":"Xaukael"}],
  "version": "1.2.2",
	"socket": true,
  "system": ["ezd6"],
  "compatibility": {
      "minimum": "10",
      "verified": "10"
    },
  "scripts": ["ezd6-roll-messages.js"],
	"styles": ["ezd6-roll-messages.css"],
  "packs": [{
    "name": "ezd6-macros",
    "label": "EZD6 Macros",
    "system": "ezd6",
    "path": "ezd6-macros.db",
    "type": "Macro",
    "private": true,
    "flags": {}
  }],
  "relationships": {
  "requires": [    ]
  },
  "url": "https://github.com/xaukael/ezd6-roll-messages/",
    "manifest": "https://github.com/xaukael/ezd6-roll-messages/raw/main/module.json",
    "download": "https://github.com/xaukael/ezd6-roll-messages/raw/main/ezd6-roll-messages.zip"
}